name                                  ,profile_url                                           ,address                                                                                                                                                                                                                                       ,email                            ,social_media                   ,picture
George AlvarezDistrict 78             ,https://nyassembly.gov/mem/George-Alvarez             ,"2633 Webster Avenue1st FloorBronx, NY 10458718-933-2204LOB 920Albany, NY 12248518-455-5414"                                                                                                                                                  ,alvarezg@nyassembly.gov          ,No social media info available ,
Khaleel M. AndersonDistrict 31        ,https://nyassembly.gov/mem/Khaleel-M-Anderson         ,"19-31 Mott AvenueSuite 301Far Rockaway, NY 11691718-327-1845131-15 Rockaway Boulevard1st FloorSouth Ozone Park, NY 11420718-322-4958LOB 742Albany, NY 12248518-455-5668"                                                                     ,andersonk@nyassembly.gov         ,                               ,
Joe AngelinoDistrict 121              ,https://nyassembly.gov/mem/Joe-Angelino               ,"1 Kattelville RoadSuite 1Binghamton, NY 13901607-648-6080Fax: 607-648-6089LOB 549Albany, NY 12248518-455-5741Fax: 518-455-5864"                                                                                                              ,angelinoj@nyassembly.gov         ,No social media info available ,
Andrea K. BaileyDistrict 133          ,https://nyassembly.gov/mem/Andrea-K-Bailey            ,"79 Genesee St.Avon, NY 14414585-218-0038Fax: 585-226-2022LOB 718Albany, NY 12248518-455-5662Fax: 518-455-5918"                                                                                                                               ,baileya@nyassembly.gov           ,No social media info available ,
William A. BarclayDistrict 120        ,https://nyassembly.gov/mem/William-A-Barclay          ,"19 Canalview MallFulton, NY 13069315-598-5185LOB Office 933Albany, NY 12248518-455-3751"                                                                                                                                                     ,BarclayW@nyassembly.gov          ,No social media info available ,
Didi BarrettDistrict 106              ,https://nyassembly.gov/mem/Didi-Barrett               ,"420 Warren StreetHudson, NY 12534518-828-1961Fax: 518-828-532912 Raymond Ave.Suite 105Poughkeepsie, NY 12603845-454-1703Fax: 845-454-2408LOB 724Albany, NY 12248518-455-5177Fax: 518-455-5418"                                               ,barrettd@nyassembly.gov          ,                               ,
"Anil Beephan, Jr.District 105"       ,https://nyassembly.gov/mem/Anil-Beephan-Jr            ,"North Hopewell Plaza, Suite #11075 Rt. 82Hopewell Junction, NY 12533845-221-2202Fax: 845-221-2225LOB 528Albany, NY 12248518-455-5725Fax: 518-455-5729"                                                                                       ,beephana@nyassembly.gov          ,No social media info available ,
Scott BendettDistrict 107             ,https://nyassembly.gov/mem/Scott-Bendett              ,"1580 Columbia TurnpikeBuilding 4, Suite 1ACastleton on the Hudson, NY 12033518-272-6149Fax: 518-477-5404LOB 533Albany, NY 12248518-455-5777Fax: 518-455-5923"                                                                                ,bendetts@nyassembly.gov          ,No social media info available ,
Michael BenedettoDistrict 82          ,https://nyassembly.gov/mem/Michael-Benedetto          ,"3602 E. Tremont Ave.Suite 201Bronx, NY 10465718-892-2235177 Dreiser Loop, Rm. 12Bronx, NY 10475718-320-2220LOB 836Albany, NY 12248518-455-5296"                                                                                              ,benedettom@nyassembly.gov        ,                               ,
Sam BergerDistrict 27                 ,https://nyassembly.gov/mem/Sam-Berger                 ,"159-06 71st AvenueFlushing, NY 11365718-969-1508Fax: 718-969-8326LOB 818Albany, NY 12248518-455-4404"                                                                                                                                        ,bergers@nyassembly.gov           ,No social media info available ,
Rodneyse Bichotte HermelynDistrict 42 ,https://nyassembly.gov/mem/Rodneyse-Bichotte-Hermelyn ,"1312 Flatbush AvenueBrooklyn, NY 11210718-940-0428Fax: 718-940-0154LOB 727Albany, NY 12248518-455-5385"                                                                                                                                      ,bichotter@nyassembly.gov         ,                               ,
Ken BlankenbushDistrict 117           ,https://nyassembly.gov/mem/Ken-Blankenbush            ,"40 Franklin StreetSuite 2Carthage, NY 13619315-493-3909Fax: 315-493-4045LOB 322Albany, NY 12248518-455-5797Fax: 518-455-5289"                                                                                                                ,blankenbushk@nyassembly.gov      ,No social media info available ,
Jake BlumencranzDistrict 15           ,https://nyassembly.gov/mem/Jake-Blumencranz           ,"111 W. Old Country RoadSuite 202Hicksville, NY 11801516-937-3571Fax: 516-937-3632LOB 722Albany, NY 12248518-455-4684Fax: 518-455-5477"                                                                                                       ,blumencranzj@nyassembly.gov      ,No social media info available ,
Paul A. BolognaDistrict 144           ,https://nyassembly.gov/mem/Paul-A-Bologna             ,"8180 Main StreetClarence, NY 14221716-839-4691Fax: 716-839-4693LOB 428Albany, NY 12248518-455-4601Fax: 518-455-5257"                                                                                                                         ,bolognap@nyassembly.gov          ,No social media info available ,
Alex BoresDistrict 73                 ,https://nyassembly.gov/mem/Alex-Bores                 ,"353 Lexington AvenueSuite 704New York, NY 10016212-605-0937Fax: 212-605-9948LOB 431Albany , NY 12248518-455-4794"                                                                                                                            ,boresa@nyassembly.gov            ,No social media info available ,
Karl BrabenecDistrict 98              ,https://nyassembly.gov/mem/Karl-Brabenec              ,"28 North Main St.Suite 2Florida, NY 10921845-544-7551Fax: 845-544-7553LOB 525Albany, NY 12248518-455-5991Fax: 518-455-5929"                                                                                                                  ,brabeneck@nyassembly.gov         ,No social media info available ,
Edward C. BraunsteinDistrict 26       ,https://nyassembly.gov/mem/Edward-C-Braunstein        ,"213-33 39th Avenue, Suite 238Bayside, NY 11361718-357-3588Fax: 718-357-5947LOB 422Albany, NY 12248518-455-5425Fax: 518-455-4648"                                                                                                             ,braunsteine@nyassembly.gov       ,No social media info available ,
Harry B. BronsonDistrict 138          ,https://nyassembly.gov/mem/Harry-B-Bronson            ,"840 University AvenueRochester, NY 14607585-244-5255LOB 522Albany, NY 12248518-455-4527"                                                                                                                                                     ,bronsonh@nyassembly.gov          ,No social media info available ,
Alec Brook-KrasnyDistrict 46          ,https://nyassembly.gov/mem/Alec-Brook-Krasny          ,"2002 Mermaid Ave.Brooklyn, NY 11224718-266-0267Fax: 718-266-5391310 93rd StreetBrooklyn, NY 11209347-560-6302Fax: 347-497-5372LOB 529Albany, NY 12248518-455-5434"                                                                           ,brook-krasnya@nyassembly.gov     ,No social media info available ,
Ari BrownDistrict 20                  ,https://nyassembly.gov/mem/Ari-Brown                  ,"525 Chestnut StreetSuite 103Cedarhurst, NY 11516516-431-0500Fax: 516-295-2498LOB 544Albany, NY 12248518-455-3028Fax: 518-455-5391"                                                                                                           ,browna@nyassembly.gov            ,No social media info available ,
Keith P. BrownDistrict 12             ,https://nyassembly.gov/mem/Keith-P-Brown              ,"6080 Jericho TurnpikeSuite 310Commack, NY 11725631-261-4151Fax: 631-261-2992LOB 719Albany, NY 12248518-455-5952Fax: 518-455-5804"                                                                                                            ,brownk@nyassembly.gov            ,No social media info available ,
Chris BurdickDistrict 93              ,https://nyassembly.gov/mem/Chris-Burdick              ,"333 N. Bedford Rd.Suite 131Mount Kisco, NY 10549914-244-4450LOB 417Albany, NY 12248518-455-5397"                                                                                                                                             ,burdickc@nyassembly.gov          ,                               ,
Patrick BurkeDistrict 142             ,https://nyassembly.gov/mem/Patrick-Burke              ,"3686 Seneca StreetWest Seneca, NY 14224716-608-6099LOB 842Albany, NY 12248518-455-4691"                                                                                                                                                      ,burkep@nyassembly.gov            ,No social media info available ,
Noah BurroughsDistrict 18             ,https://nyassembly.gov/mem/Noah-Burroughs             ,"33 Front StreetSuites 302 & 303Hempstead, NY 11550516-489-6610LOB 323Albany, NY 12248518-455-5861"                                                                                                                                           ,burroughsn@nyassembly.gov        ,No social media info available ,
Marianne ButtenschonDistrict 119      ,https://nyassembly.gov/mem/Marianne-Buttenschon       ,"207 Genesee StreetRm 401Utica, NY 13501315-732-1055Fax: 315-732-1413LOB 622Albany, NY 12248518-455-5454Fax: 518-455-5928"                                                                                                                    ,buttenschonm@nyassembly.gov      ,                               ,
Patrick J. CarrollDistrict 96         ,https://nyassembly.gov/mem/Patrick-J-Carroll          ,"151 N. Main St., Suite 204New City, NY 10956845-634-9791LOB 631Albany, NY 12248518-455-5735"                                                                                                                                                 ,carrollp@nyassembly.gov          ,                               ,
Robert C. CarrollDistrict 44          ,https://nyassembly.gov/mem/Robert-C-Carroll           ,"416 Seventh AvenueBrooklyn, NY 11215718-788-7221Fax: 718-965-9378LOB 557Albany, NY 12248518-455-5377Fax: 518-455-5592"                                                                                                                       ,CarrollR@nyassembly.gov          ,No social media info available ,
Monique Chandler-WatermanDistrict 58  ,https://nyassembly.gov/mem/Monique-Chandler-Waterman  ,"903 Utica AvenueBrooklyn, NY 11203718-385-3336LOB 656Albany, NY 12248518-455-4166"                                                                                                                                                           ,chandlerwatermanm@nyassembly.gov ,No social media info available ,
Lester ChangDistrict 49               ,https://nyassembly.gov/mem/Lester-Chang               ,"6904 Fort Hamilton Pkwy.Brooklyn, NY 11228718-236-1764Fax: 718-234-0986LOB 523Albany, NY 12248518-455-3060"                                                                                                                                  ,changl@nyassembly.gov            ,No social media info available ,
Patrick J. ChludzinskiDistrict 143    ,https://nyassembly.gov/mem/Patrick-J-Chludzinski      ,"2562 Walden AvenueSuite 102Cheektowaga, NY 14225716-686-0080Fax: 716-686-3752LOB 629Albany, NY 12248518-455-5921Fax: 518-455-3962"                                                                                                           ,chludzinskip@nyassembly.gov      ,No social media info available ,
Sarah ClarkDistrict 136               ,https://nyassembly.gov/mem/Sarah-Clark                ,"500 Helendale RoadSuite 90Rochester, NY 14609585-467-0410Fax: 585-467-5342LOB 746Albany, NY 12248518-455-5373Fax: 518-455-5647"                                                                                                              ,clarks@nyassembly.gov            ,No social media info available ,
William ColtonDistrict 47             ,https://nyassembly.gov/mem/William-Colton             ,"155 Kings HighwayBrooklyn, NY 11223718-236-1598LOB 733Albany, NY 12248518-455-5828"                                                                                                                                                          ,ColtonW@nyassembly.gov           ,No social media info available ,
William ConradDistrict 140            ,https://nyassembly.gov/mem/William-Conrad             ,"34 Peuquet ParkwayTonawanda, NY 14150716-873-2540Fax: 716-744-2644LOB 639Albany, NY 12248518-455-4767"                                                                                                                                       ,conradw@nyassembly.gov           ,                               ,
Vivian E. CookDistrict 32             ,https://nyassembly.gov/mem/Vivian-E-Cook              ,"142-15 Rockaway BlvdJamaica, NY 11436718-322-3975LOB 939Albany, NY 12248518-455-4203"                                                                                                                                                        ,CookV@nyassembly.gov             ,No social media info available ,
Catalina CruzDistrict 39              ,https://nyassembly.gov/mem/Catalina-Cruz              ,"41-40 Junction BlvdCorona, NY 11368718-458-5367Fax: 718-478-2371LOB 652Albany, NY 12248518-455-4567"                                                                                                                                         ,cruzc@nyassembly.gov             ,                               ,
Brian CunninghamDistrict 43           ,https://nyassembly.gov/mem/Brian-Cunningham           ,"249 Empire BlvdBrooklyn, NY 11225718-771-3105Fax: 718-771-3276LOB 555Albany, NY 12248518-455-5262"                                                                                                                                           ,cunninghamba@nyassembly.gov      ,                               ,
Landon C. DaisDistrict 77             ,https://nyassembly.gov/mem/Landon-C-Dais              ,"910 Grand ConcourseSuite 1JKBronx, NY 10451718-538-2000Fax: 718-538-3128LOB 834Albany, NY 12248518-455-5671Fax: 518-455-5461"                                                                                                                ,daisl@nyassembly.gov             ,No social media info available ,
Maritza DavilaDistrict 53             ,https://nyassembly.gov/mem/Maritza-Davila             ,"673 Hart StreetUnit C2Brooklyn, NY 11221718-443-1205Fax: 718-443-1424LOB 844Albany, NY 12248518-455-5537Fax: 518-455-5789"                                                                                                                   ,DavilaM@nyassembly.gov           ,                               ,
Manny De Los SantosDistrict 72        ,https://nyassembly.gov/mem/Manny-De-Los-Santos        ,"210 Sherman AveSte A&CNew York, NY 10034212-544-2278LOB 454Albany, NY 12248518-455-5807"                                                                                                                                                     ,delossm@nyassembly.gov           ,                               ,
Joe DeStefanoDistrict 3               ,https://nyassembly.gov/mem/Joe-DeStefano              ,"3245 Route 112Building 2, Ste. 6Medford, NY 11763631-207-0073Fax: 631-732-1798LOB 430Albany, NY 12248518-455-4901Fax: 518-455-5908"                                                                                                          ,destefanoj@nyassembly.gov        ,No social media info available ,
Erik M. DilanDistrict 54              ,https://nyassembly.gov/mem/Erik-M-Dilan               ,"366 Cornelia StBrooklyn, NY 11237718-386-4576Fax: 718-386-4575LOB 526Albany, NY 12248518-455-5821"                                                                                                                                           ,DilanE@nyassembly.gov            ,No social media info available ,
Jeffrey DinowitzDistrict 81           ,https://nyassembly.gov/mem/Jeffrey-Dinowitz           ,"3107 Kingsbridge AvenueBronx, NY 10463718-796-5345Fax: 718-796-0694LOB 632Albany, NY 12248518-455-5965Fax: 518-455-4437"                                                                                                                     ,DinowitzJ@nyassembly.gov         ,                               ,
David DiPietroDistrict 147            ,https://nyassembly.gov/mem/David-DiPietro             ,"411 Main St.E. Aurora, NY 14052716-655-0951Fax: 716-655-0970LOB 546Albany, NY 12248518-455-5314Fax: 518-455-5691"                                                                                                                            ,DiPietroD@nyassembly.gov         ,No social media info available ,
Michael DursoDistrict 9               ,https://nyassembly.gov/mem/Michael-Durso              ,"512 Park Blvd.Massapequa Park, NY 11762516-541-4598Fax: 516-541-4625LOB 723Albany, NY 12248518-455-5305Fax: 518-455-5024"                                                                                                                    ,dursom@nyassembly.gov            ,No social media info available ,
Chris EachusDistrict 99               ,https://nyassembly.gov/mem/Chris-Eachus               ,"34 Smith Clove RoadCentral Valley, NY 10917845-469-6929Fax: 845-460-2185LOB 628Albany, NY 12248518-455-5441Fax: 518-455-5884"                                                                                                                ,eachusc@nyassembly.gov           ,No social media info available ,
Simcha EichensteinDistrict 48         ,https://nyassembly.gov/mem/Simcha-Eichenstein         ,"1310 48th St.Unit 204Brooklyn, NY 11219718-853-9616Fax: 718-436-5734LOB 519Albany, NY 12248518-455-5721Fax: 518-455-5948"                                                                                                                    ,EichensteinS@nyassembly.gov      ,No social media info available ,
Harvey EpsteinDistrict 74             ,https://nyassembly.gov/mem/Harvey-Epstein             ,"107 & 109 Avenue BNew York, NY 10009212-979-9696LOB 419Albany, NY 12248518-455-5506"                                                                                                                                                         ,epsteinh@nyassembly.gov          ,No social media info available ,
Charles D. FallDistrict 61            ,https://nyassembly.gov/mem/Charles-D-Fall             ,"853 Forest AvenueStaten Island, NY 10310718-442-9932250 Broadway22nd Floor Suite 2203New York, NY 10007718-442-9932Fax: 718-442-9942LOB 729Albany, NY 12248518-455-4677"                                                                     ,fallc@nyassembly.gov             ,No social media info available ,
Michael J. FitzpatrickDistrict 8      ,https://nyassembly.gov/mem/Michael-J-Fitzpatrick      ,"285 Middle Country Rd.Suite 202Smithtown, NY 11787631-724-2929Fax: 631-724-3024LOB 458Albany, NY 12248518-455-5021Fax: 518-455-4394"                                                                                                         ,FitzpatrickM@nyassembly.gov      ,No social media info available ,
Phara Souffrant ForrestDistrict 57    ,https://nyassembly.gov/mem/Phara-Souffrant-Forrest    ,"55 Hanson PlaceBrooklyn, NY 11217718-596-0100LOB 731Albany, NY 12248518-455-5325"                                                                                                                                                            ,souffrantforrestp@nyassembly.gov ,No social media info available ,
Christopher S. FriendDistrict 124     ,https://nyassembly.gov/mem/Christopher-S-Friend       ,"1250 Schweizer Rd.Horseheads, NY 14845607-562-3602Fax: 607-739-1090LOB 938Albany, NY 12248518-455-4538Fax: 518-455-5922"                                                                                                                     ,friendc@nyassembly.gov           ,No social media info available ,
Emily GallagherDistrict 50            ,https://nyassembly.gov/mem/Emily-Gallagher            ,"685A Manhattan AveBrooklyn, NY 11222718-383-7474LOB 441Albany, NY 12248518-455-4477"                                                                                                                                                         ,gallaghere@nyassembly.gov        ,No social media info available ,
Jeff GallahanDistrict 131             ,https://nyassembly.gov/mem/Jeff-Gallahan              ,"70 Elizabeth Blackwell St.Geneva, NY 14456315-781-2030Fax: 315-781-1746Moravia Town Hall1630 State Route 38Moravia, NY 13118315-497-0354LOB 725Albany, NY 12248518-455-3979Fax: 518-455-7013"                                                ,gallahanj@nyassembly.gov         ,                               ,
Jarett GandolfoDistrict 7             ,https://nyassembly.gov/mem/Jarett-Gandolfo            ,"859 Montauk HighwaySuite 1Bayport, NY 11705631-589-0348Fax: 631-589-0487LOB 450Albany, NY 12248518-455-4611Fax: 518-455-5258"                                                                                                                ,gandolfoj@nyassembly.gov         ,No social media info available ,
Edward GibbsDistrict 68               ,https://nyassembly.gov/mem/Edward-Gibbs               ,"55 East 115th StGround LevelNew York, NY 10029212-828-3953LOB 734Albany, NY 12248518-455-4781"                                                                                                                                               ,gibbse@nyassembly.gov            ,                               ,
Jodi GiglioDistrict 2                 ,https://nyassembly.gov/mem/Jodi-Giglio                ,"30  West Main StreetSuite 103Riverhead, NY 11901631-727-0204Fax: 631-727-0426LOB 329Albany, NY 12248518-455-5294Fax: 518-455-4740"                                                                                                           ,giglioj2@nyassembly.gov          ,No social media info available ,
Deborah J. GlickDistrict 66           ,https://nyassembly.gov/mem/Deborah-J-Glick            ,"853 BroadwaySuite 2007New York, NY 10003212-674-5153LOB 621Albany, NY 12248518-455-4841"                                                                                                                                                     ,GlickD@nyassembly.gov            ,No social media info available ,
Jessica Gonz√°lez-RojasDistrict 34     ,https://nyassembly.gov/mem/Jessica-Gonzalez-Rojas     ,"75-35 31st Ave.Suite 206B (2nd Floor)East Elmhurst, NY 11370718-457-0384Fax: 718-335-8254LOB 654Albany, NY 12248518-455-4545"                                                                                                                ,gonzalezrojasj@nyassembly.gov    ,No social media info available ,
Scott GrayDistrict 116                ,https://nyassembly.gov/mem/Scott-Gray                 ,"317 Washington StreetSuite 210, Dulles State Office BuildingWatertown, NY 13601315-786-0284Fax: 315-786-02873 Remington AveCanton, NY 13617315-386-2037Fax: 315-386-2041LOB 940Albany, NY 12248518-455-5545Fax: 518-455-5751"                ,grays@nyassembly.gov             ,No social media info available ,
Judy GriffinDistrict 21               ,https://nyassembly.gov/mem/Judy-Griffin               ,"74 N. Village Ave.Rockville Centre, NY 11570516-561-8216LOB 452Albany, NY 12248518-455-5801"                                                                                                                                                 ,griffinj@nyassembly.gov          ,No social media info available ,
Stephen HawleyDistrict 139            ,https://nyassembly.gov/mem/Stephen-Hawley             ,"121 N. Main StreetSuite 100Albion, NY 14411585-589-5780Fax: 585-589-5813LOB 521Albany, NY 12248518-455-5811Fax: 518-455-5558"                                                                                                                ,HawleyS@nyassembly.gov           ,No social media info available ,
Carl E. HeastieDistrict 83            ,https://nyassembly.gov/mem/Carl-E-Heastie             ,"1446 East Gun Hill RoadBronx, NY 10469718-654-6539Fax: 718-654-5836LOB 932Albany, NY 12248518-455-3791Fax: 518-455-5459"                                                                                                                     ,Speaker@nyassembly.gov           ,                               ,
Andrew HevesiDistrict 28              ,https://nyassembly.gov/mem/Andrew-Hevesi              ,"70-50 Austin StreetSuite 114Forest Hills, NY 11375718-263-5595LOB 626Albany, NY 12248518-455-4926"                                                                                                                                           ,HevesiA@nyassembly.gov           ,                               ,
Larinda C. HooksDistrict 35           ,https://nyassembly.gov/mem/Larinda-C-Hooks            ,"98-09 Northern Blvd.Corona, NY 11368718-457-3615Fax: 718-457-3640LOB 633Albany, NY 12248518-455-4561Fax: 518-455-4565"                                                                                                                       ,hooksl@nyassembly.gov            ,No social media info available ,
Pamela J. HunterDistrict 128          ,https://nyassembly.gov/mem/Pamela-J-Hunter            ,"711 East Genesee Street2nd FloorSyracuse, NY 13210-1540315-449-9536LOB 646Albany, NY 12248518-455-5383"                                                                                                                                      ,HunterP@nyassembly.gov           ,No social media info available ,
Alicia HyndmanDistrict 29             ,https://nyassembly.gov/mem/Alicia-Hyndman             ,"232-06A Merrick Blvd.Springfield Gardens, NY 11413718-723-5412LOB 717Albany, NY 12248518-455-4451"                                                                                                                                           ,hyndmana@nyassembly.gov          ,No social media info available ,
Chantel JacksonDistrict 79            ,https://nyassembly.gov/mem/Chantel-Jackson            ,"780 Concourse Village WestGround Fl. ProfessionalBronx, NY 10451718-538-3829Fax: 718-588-0159LOB 547Albany, NY 12248518-455-5272Fax: 518-455-5925"                                                                                           ,Jacksonc@nyassembly.gov          ,                               ,
Jonathan G. JacobsonDistrict 104      ,https://nyassembly.gov/mem/Jonathan-G-Jacobson        ,"436 Robinson AvenueSuite BNewburgh, NY 12550845-562-0888Fax: 845-561-5218One Civic Center PlazaSuite 101Poughkeepsie, NY 12601845-763-7011LOB 650Albany, NY 12248518-455-5762Fax: 518-455-5593"                                              ,jacobsonj@nyassembly.gov         ,                               ,
Josh JensenDistrict 134               ,https://nyassembly.gov/mem/Josh-Jensen                ,"2496 West Ridge Rd.Rochester, NY 14626585-225-4190Fax: 585-225-6502LOB Room 402Albany, NY 12248518-455-4664Fax: 518-455-3093"                                                                                                                ,jensenj@nyassembly.gov           ,No social media info available ,
Billy JonesDistrict 115               ,https://nyassembly.gov/mem/Billy-Jones                ,"202 U.S. OvalPlattsburgh, NY 12903518-562-1986LOB 837Albany, NY 12248518-455-5943"                                                                                                                                                           ,jonesb@nyassembly.gov            ,                               ,
Rebecca KassayDistrict 4              ,https://nyassembly.gov/mem/Rebecca-Kassay             ,"149 Main StreetEast Setauket, NY 11733631-751-3094Fax: 631-751-0280LOB 921Albany, NY 12248518-455-3600"                                                                                                                                      ,kassayr@nyassembly.gov           ,No social media info available ,
Paula Elaine KayDistrict 100          ,https://nyassembly.gov/mem/Paula-Elaine-Kay           ,"461 BroadwayMonticello, NY 12701845-794-5807Middletown City Hall, 3rd floor16 James StreetMiddletown, NY 10940845-342-9304LOB 435Albany, NY 12248518-455-5355"                                                                               ,kayp@nyassembly.gov              ,No social media info available ,
Dr. Anna R. KellesDistrict 125        ,https://nyassembly.gov/mem/Anna-R-Kelles              ,"130 East State StreetIthaca, NY 14850607-277-803083 Main StreetCortland, NY 13045607-208-2024LOB 538Albany, NY 12248518-455-5444"                                                                                                            ,kellesa@nyassembly.gov           ,No social media info available ,
Ron KimDistrict 40                    ,https://nyassembly.gov/mem/Ron-Kim                    ,"136-20 38th Ave.Suite 10AFlushing, NY 11354718-939-0195Fax: 718-939-1238LOB 712Albany, NY 12248518-455-5411Fax: 518-455-4995"                                                                                                                ,KimR@nyassembly.gov              ,No social media info available ,
Micah C. LasherDistrict 69            ,https://nyassembly.gov/mem/Micah-C-Lasher             ,"245 West 104th StreetNew York, NY 10025212-866-3970LOB 534Albany, NY 12248518-455-5603"                                                                                                                                                      ,lasherm@nyassembly.gov           ,No social media info available ,
Charles D. LavineDistrict 13          ,https://nyassembly.gov/mem/Charles-D-Lavine           ,"1 School StreetSuite 303-BGlen Cove, NY 11542516-676-0050Fax: 516-676-0071LOB 831Albany, NY 12248518-455-5456Fax: 518-455-5467"                                                                                                              ,LavineC@nyassembly.gov           ,                               ,
Grace LeeDistrict 65                  ,https://nyassembly.gov/mem/Grace-Lee                  ,"64 Fulton Street, Room 302New York, NY 10038212-312-1420Fax: 212-227-8054LOB 429Albany, NY 12248518-455-3640"                                                                                                                                ,leeg@nyassembly.gov              ,No social media info available ,
John LemondesDistrict 126             ,https://nyassembly.gov/mem/John-Lemondes              ,"69 South StreetAuburn, NY 13021315-255-3045Fax: 315-255-3048LOB 720Albany, NY 12248518-455-5878Fax: 518-455-3895"                                                                                                                            ,lemondesj@nyassembly.gov         ,No social media info available ,
Dana LevenbergDistrict 95             ,https://nyassembly.gov/mem/Dana-Levenberg             ,"8 Revolutionary RoadOssining, NY 10562914-941-1111Fax: 914-941-9132LOB 325Albany, NY 12248518-455-5348Fax: 518-455-5728"                                                                                                                     ,levenbergd@nyassembly.gov        ,                               ,
Nikki LucasDistrict 60                ,https://nyassembly.gov/mem/Nikki-Lucas                ,"425 New Lots Ave.1st FloorBrooklyn, NY 11207718-257-5824Fax: 718-257-2590LOB 702Albany, NY 12248518-455-5912"                                                                                                                                ,lucasn@nyassembly.gov            ,No social media info available ,
Jen LunsfordDistrict 135              ,https://nyassembly.gov/mem/Jen-Lunsford               ,"317 Main StreetSuite 2032East Rochester, NY 14445585-223-9130LOB 542Albany, NY 12248518-455-5784"                                                                                                                                            ,lunsfordj@nyassembly.gov         ,No social media info available ,
Donna A. LupardoDistrict 123          ,https://nyassembly.gov/mem/Donna-A-Lupardo            ,"State Office Building, 17th Floor44 Hawley St.Binghamton, NY 13901607-723-9047LOB 828Albany, NY 12248518-455-5431Fax: 518-455-5693"                                                                                                          ,LupardoD@nyassembly.gov          ,No social media info available ,
William B. MagnarelliDistrict 129     ,https://nyassembly.gov/mem/William-B-Magnarelli       ,"Room 840333 East Washington StreetSyracuse, NY 13202315-428-9651LOB 830Albany, NY 12248518-455-4826"                                                                                                                                         ,MagnarW@nyassembly.gov           ,No social media info available ,
Brian MaherDistrict 101               ,https://nyassembly.gov/mem/Brian-Maher                ,"74 West Main StreetWalden, NY 12586845-379-5001Fax: 845-778-0272LOB 819Albany, NY 12248518-455-4807Fax: 518-455-5237"                                                                                                                        ,maherb@nyassembly.gov            ,No social media info available ,
Zohran K. MamdaniDistrict 36          ,https://nyassembly.gov/mem/Zohran-K-Mamdani           ,"24-08 32nd StreetSuite 1002AAstoria, NY 11102718-545-3889LOB 456Albany, NY 12248518-455-5014"                                                                                                                                                ,mamdaniz@nyassembly.gov          ,No social media info available ,
Brian ManktelowDistrict 130           ,https://nyassembly.gov/mem/Brian-Manktelow            ,"10 Leach RoadLyons, NY 14489315-946-5166Fax: 315-946-5229LOB 320Albany, NY 12248518-455-5655Fax: 518-455-5407"                                                                                                                               ,manktelowb@nyassembly.gov        ,No social media info available ,
John T. McDonald IIIDistrict 108      ,https://nyassembly.gov/mem/John-T-McDonald-III        ,"LOB 625Albany, NY 12248518-455-4474Fax: 518-455-4727"                                                                                                                                                                                        ,McDonaldJ@nyassembly.gov         ,No social media info available ,
David G. McDonoughDistrict 14         ,https://nyassembly.gov/mem/David-G-McDonough          ,"404 Bedford Ave.Bellmore, NY 11710516-409-2070Fax: 516-409-2073LOB 443Albany, NY 12248518-455-4633Fax: 518-455-5559"                                                                                                                         ,mcdonoughd@nyassembly.gov        ,                               ,
Karen McMahonDistrict 146             ,https://nyassembly.gov/mem/Karen-McMahon              ,"5500 Main StreetSuite 224Williamsville, NY 14221716-634-1895LOB 643Albany, NY 12248518-455-4618"                                                                                                                                             ,mcmahonk@nyassembly.gov          ,No social media info available ,
Demond MeeksDistrict 137              ,https://nyassembly.gov/mem/Demond-Meeks               ,"614 W. Main StreetApartments 1-4Rochester, NY 14611585-454-3670LOB 619Albany, NY 12248518-455-5606"                                                                                                                                          ,meeksd@nyassembly.gov            ,No social media info available ,
John K. MikulinDistrict 17            ,https://nyassembly.gov/mem/John-K-Mikulin             ,"1975 Hempstead TrnpkeSuite 202East Meadow, NY 11554516-228-4960Fax: 516-228-4963LOB 550Albany, NY 12248518-455-5341Fax: 518-455-4346"                                                                                                        ,mikulinj@nyassembly.gov          ,No social media info available ,
Brian D. MillerDistrict 122           ,https://nyassembly.gov/mem/Brian-D-Miller             ,"48 Genesee St.New Hartford, NY 13413315-736-3879Fax: 315-736-3947LOB 439Albany, NY 12248518-455-5334Fax: 518-455-5391"                                                                                                                       ,millerb@nyassembly.gov           ,No social media info available ,
Marcela MitaynesDistrict 51           ,https://nyassembly.gov/mem/Marcela-Mitaynes           ,"4907 4th AvenueSuite, 1ABrooklyn, NY 11220718-492-6334Fax: 718-765-4186LOB 741Albany, NY 12248518-455-3821Fax: 518-455-3828"                                                                                                                 ,mitaynesm@nyassembly.gov         ,                               ,
Andrew M. MolitorDistrict 150         ,https://nyassembly.gov/mem/Andrew-M-Molitor           ,"Fenton Building2 E. 2nd Street, Suite 320Jamestown, NY 14701716-664-7773Fax: 716-483-0299LOB 721Albany, NY 12248518-455-4511Fax: 518-455-4328"                                                                                               ,molitora@nyassembly.gov          ,No social media info available ,
Angelo J. MorinelloDistrict 145       ,https://nyassembly.gov/mem/Angelo-J-Morinello         ,"800 Main Street, Suite 2CNiagara Falls, NY 14301716-282-6062Fax: 716-282-4226LOB 404Albany, NY 12248518-455-5284Fax: 518-455-5694"                                                                                                           ,morinelloa@nyassembly.gov        ,No social media info available ,
Daniel J. NorberDistrict 16           ,https://nyassembly.gov/mem/Daniel-J-Norber            ,"44 South Bayles AvenueSuite 200Port Washington, NY 11050516-482-6966LOB 545Albany, NY 12248518-455-5192"                                                                                                                                     ,norberd@nyassembly.gov           ,No social media info available ,
Michael NovakhovDistrict 45           ,https://nyassembly.gov/mem/Michael-Novakhov           ,"1800 Sheepshead Bay RoadBrooklyn, NY 11235718-743-4078LOB 527Albany, NY 12248518-455-5403"                                                                                                                                                   ,novakhovm@nyassembly.gov         ,No social media info available ,
Kwani O'PharrowDistrict 11            ,https://nyassembly.gov/mem/Kwani-O'Pharrow            ,"640 West Montauk HighwayLindenhurst, NY 11757-5538631-957-2087Fax: 631-957-2998LOB 919Albany, NY 12248518-455-5787Fax: 518-455-3976"                                                                                                         ,opharrowk@nyassembly.gov         ,No social media info available ,
Steven OtisDistrict 91                ,https://nyassembly.gov/mem/Steven-Otis                ,"222 Grace Church StreetPort Chester, NY 10573914-939-7028Fax: 914-939-7167LOB 739Albany, NY 12248518-455-4897"                                                                                                                               ,OtisS@nyassembly.gov             ,                               ,
Philip A. PalmesanoDistrict 132       ,https://nyassembly.gov/mem/Philip-A-Palmesano         ,"105 E. Steuben St.Bath, NY 14810607-776-9691Fax: 607-776-5185LOB 448Albany, NY 12248518-455-5791Fax: 518-455-4644"                                                                                                                           ,palmesanop@nyassembly.gov        ,No social media info available ,
Amy PaulinDistrict 88                 ,https://nyassembly.gov/mem/Amy-Paulin                 ,"700 White Plains Rd.Suite 355Scarsdale, NY 10583914-723-1115LOB 822Albany, NY 12248518-455-5585"                                                                                                                                             ,PaulinA@nyassembly.gov           ,                               ,
Crystal D. Peoples-StokesDistrict 141 ,https://nyassembly.gov/mem/Crystal-D-Peoples-Stokes   ,"425 Michigan AvenueBuffalo, NY 14203716-897-9714LOB 926Albany, NY 12248518-455-5005"                                                                                                                                                         ,PeopleC@nyassembly.gov           ,No social media info available ,
Stacey Pheffer AmatoDistrict 23       ,https://nyassembly.gov/mem/Stacey-Pheffer-Amato       ,"9516 Rockaway Beach BoulevardRockaway Beach, NY 11693718-945-9550Fax: 718-945-9549159-53 102nd St.Howard Beach, NY 11414718-641-8755LOB 839Albany, NY 12248518-455-4292"                                                                     ,amatos@nyassembly.gov            ,                               ,
Sam PirozzoloDistrict 63              ,https://nyassembly.gov/mem/Sam-Pirozzolo              ,"2090 Victory Blvd.Staten Island, NY 10314718-370-1384LOB 531Albany, NY 12248518-455-5481"                                                                                                                                                    ,pirozzolos@nyassembly.gov        ,No social media info available ,
J. Gary PretlowDistrict 89            ,https://nyassembly.gov/mem/J-Gary-Pretlow             ,"6 Gramatan Ave.Suite 201Mt. Vernon, NY 10550914-667-0127Fax: 914-667-0209LOB 923Albany, NY 12248518-455-5291Fax: 518-455-5447"                                                                                                               ,PretloJ@nyassembly.gov           ,No social media info available ,
Edward P. RaDistrict 19               ,https://nyassembly.gov/mem/Edward-P-Ra                ,"825 East Gate BoulevardSuite 207Garden City, NY 11530516-535-4095Fax: 516-535-4097CAP 444Albany, NY 12248518-455-4627Fax: 518-455-4643"                                                                                                      ,rae@nyassembly.gov               ,No social media info available ,
Steven RagaDistrict 30                ,https://nyassembly.gov/mem/Steven-Raga                ,"55-19 69th StreetMaspeth, NY 11378718-651-3185Fax: 718-651-3027LOB 744Albany, NY 12248518-455-4755Fax: 518-455-5032"                                                                                                                         ,ragas@nyassembly.gov             ,No social media info available ,
Jenifer RajkumarDistrict 38           ,https://nyassembly.gov/mem/Jenifer-Rajkumar           ,"83-91 Woodhaven BoulevardWoodhaven, NY 11421718-805-0950Fax: 718-805-0953LOB 637Albany, NY 12248518-455-4621"                                                                                                                                ,rajkumarj@nyassembly.gov         ,No social media info available ,
Phil RamosDistrict 6                  ,https://nyassembly.gov/mem/Phil-Ramos                 ,"1010 Suffolk Ave.Brentwood, NY 11717631-435-3214LOB 648Albany, NY 12248518-455-5185"                                                                                                                                                         ,ramosp@nyassembly.gov            ,                               ,
Michael ReillyDistrict 62             ,https://nyassembly.gov/mem/Michael-Reilly             ,"7001 Amboy RoadSuite 202 EStaten Island, NY 10307718-967-5194Fax: 718-967-5282LOB 437Albany, NY 12248518-455-4495Fax: 518-455-4501"                                                                                                          ,reillym@nyassembly.gov           ,No social media info available ,
Karines ReyesDistrict 87              ,https://nyassembly.gov/mem/Karines-Reyes              ,"1973 Westchester AvenueBronx, NY 10462718-931-2620Fax: 718-931-2915LOB 327Albany, NY 12248518-455-5102Fax: 518-455-3693"                                                                                                                     ,reyesk@nyassembly.gov            ,No social media info available ,
Jonathan RiveraDistrict 149           ,https://nyassembly.gov/mem/Jonathan-Rivera            ,"65 Grant StreetBuffalo, NY 14213716-885-9630Fax: 716-885-963640 Main Street, lower back entranceHamburg, NY 14075716-985-7001Fax: 716-648-1064LOB 540Albany, NY 12248518-455-4886Fax: 518-455-4890"                                          ,riverajd@nyassembly.gov          ,                               ,
Gabriella A. RomeroDistrict 109       ,https://nyassembly.gov/mem/Gabriella-A-Romero         ,"LOB 704Albany, NY 12248518-455-4178"                                                                                                                                                                                                         ,romerog@nyassembly.gov           ,                               ,
Linda B. RosenthalDistrict 67         ,https://nyassembly.gov/mem/Linda-B-Rosenthal          ,"230 West 72nd StreetSuite 2FNew York, NY 10023212-873-6368LOB 943Albany, NY 12248518-455-5802"                                                                                                                                               ,RosentL@nyassembly.gov           ,No social media info available ,
Nily RozicDistrict 25                 ,https://nyassembly.gov/mem/Nily-Rozic                 ,"159-16 Union TurnpikeFlushing, NY 11366718-820-0241LOB 941Albany, NY 12248518-455-5172"                                                                                                                                                      ,RozicN@nyassembly.gov            ,No social media info available ,
Angelo SantabarbaraDistrict 111       ,https://nyassembly.gov/mem/Angelo-Santabarbara        ,"433 State StreetSchenectady, NY 12305518-382-29412550 Riverfront CenterAmsterdam, NY 12010518-843-0227LOB 502Albany, NY 12248518-455-5197"                                                                                                   ,SantabarbaraA@nyassembly.gov     ,No social media info available ,
Nader J. SayeghDistrict 90            ,https://nyassembly.gov/mem/Nader-J-Sayegh             ,"35 East Grassy Sprain Rd.406BYonkers, NY 10710914-779-8805Fax: 914-779-8859LOB 331Albany, NY 12248518-455-3662Fax: 518-455-5499"                                                                                                             ,sayeghn@nyassembly.gov           ,No social media info available ,
Tommy John SchiavoniDistrict 1        ,https://nyassembly.gov/mem/Tommy-John-Schiavoni       ,"3350 Noyac RoadBuilding B, Suite 1Sag Harbor, NY 11963631-537-2583Fax: 631-725-2372LOB 432Albany, NY 12248518-455-5997Fax: 518-455-5963"                                                                                                     ,schiavonitj@nyassembly.gov       ,No social media info available ,
Rebecca A. SeawrightDistrict 76       ,https://nyassembly.gov/mem/Rebecca-A-Seawright        ,"1485 York AvenueNew York, NY 10075212-288-4607Fax: 212-288-4369LOB 824Albany, NY 12248518-455-5676"                                                                                                                                          ,SeawrightR@nyassembly.gov        ,                               ,
Joe SempolinskiDistrict 148           ,https://nyassembly.gov/mem/Joe-Sempolinski            ,"700 West State StreetOlean, NY 14760716-373-7103Fax: 716-373-7105LOB 548Albany, NY 12248518-455-5241Fax: 518-455-5869"                                                                                                                       ,sempolinskij@nyassembly.gov      ,No social media info available ,
Amanda SeptimoDistrict 84             ,https://nyassembly.gov/mem/Amanda-Septimo             ,"384 E 149th St., Suite 202Bronx, NY 10455718-292-2901LOB 536Albany, NY 12248518-455-5402"                                                                                                                                                    ,septimoa@nyassembly.gov          ,No social media info available ,
MaryJane ShimskyDistrict 92           ,https://nyassembly.gov/mem/MaryJane-Shimsky           ,"303 South BroadwaySuite 229Tarrytown, NY 10591914-631-1605Fax: 914-631-1609LOB 827Albany, NY 12248518-455-5753"                                                                                                                              ,shimskym@nyassembly.gov          ,                               ,
Sarahana ShresthaDistrict 103         ,https://nyassembly.gov/mem/Sarahana-Shrestha          ,"324 Washington AvenueSuite 1Kingston, NY 12401845-338-9610Fax: 845-338-9590LOB 820Albany, NY 12248518-455-4436Fax: 518-455-5576"                                                                                                             ,shresthas@nyassembly.gov         ,No social media info available ,
Jo Anne SimonDistrict 52              ,https://nyassembly.gov/mem/Jo-Anne-Simon              ,"341 Smith StreetBrooklyn, NY 11231718-246-4889LOB 826Albany, NY 12248518-455-5426"                                                                                                                                                           ,simonj@nyassembly.gov            ,                               ,
Tony SimoneDistrict 75                ,https://nyassembly.gov/mem/Tony-Simone                ,"214 West 29th StreetSuite 1401New York, NY 10001212-807-7900Fax: 212-243-2035LOB 326Albany, NY 12248518-455-4941Fax: 518-455-5939"                                                                                                           ,simonet@nyassembly.gov           ,No social media info available ,
Matthew SimpsonDistrict 114           ,https://nyassembly.gov/mem/Matthew-Simpson            ,"4 Southwestern AvenueSuite 3Queensbury, NY 12804518-792-4546Fax: 518-792-5584LOB 426Albany, NY 12248518-455-5565Fax: 518-455-5710"                                                                                                           ,SimpsonM@nyassembly.gov          ,No social media info available ,
Matt SlaterDistrict 94                ,https://nyassembly.gov/mem/Matt-Slater                ,"3 Starr Ridge Rd.Suite 204Brewster, NY 10509845-278-2923Fax: 845-278-2926LOB 433Albany, NY 12248518-455-5783Fax: 518-455-5543"                                                                                                               ,slaterm@nyassembly.gov           ,No social media info available ,
Doug SmithDistrict 5                  ,https://nyassembly.gov/mem/Doug-Smith                 ,"4155 Veterans Memorial HighwaySuite 9Ronkonkoma, NY 11779631-585-0230Fax: 631-585-0310LOB 318Albany, NY 12248518-455-5937Fax: 518-455-4784"                                                                                                  ,smithd@nyassembly.gov            ,No social media info available ,
Robert SmullenDistrict 118            ,https://nyassembly.gov/mem/Robert-Smullen             ,"5659 State Route 5Suites 1-3Herkimer, NY 13350315-866-1632Fax: 315-866-5058Fulton County Office Building223 West Main Street, Suite B-2Johnstown, NY 12095518-762-1427Fax: 518-762-9871LOB 635Albany, NY 12248518-455-5393Fax: 518-455-5889" ,smullenr@nyassembly.gov          ,No social media info available ,
Michaelle C. SolagesDistrict 22       ,https://nyassembly.gov/mem/Michaelle-C-Solages        ,"33 North Central AvenueValley Stream, NY 11580516-599-2972Fax: 516-599-3768LOB 736Albany, NY 12248518-455-4465Fax: 518-455-5560"                                                                                                             ,SolagesM@nyassembly.gov          ,                               ,
Phil SteckDistrict 110                ,https://nyassembly.gov/mem/Phil-Steck                 ,"1609 Union StreetSchenectady, NY 12309518-377-0902Fax: 518-377-0458LOB 627Albany, NY 12248518-455-5931Fax: 518-455-5840"                                                                                                                     ,SteckP@nyassembly.gov            ,                               ,
Steve SternDistrict 10                ,https://nyassembly.gov/mem/Steve-Stern                ,"95 Broad Hollow RoadSuite 100Melville, NY 11747631-271-8025LOB 841Albany, NY 12248518-455-5732"                                                                                                                                              ,sterns@nyassembly.gov            ,No social media info available ,
Al StirpeDistrict 127                 ,https://nyassembly.gov/mem/Al-Stirpe                  ,"7293 Buckley RoadSuite 201N. Syracuse, NY 13212315-452-1115LOB 847Albany, NY 12248518-455-4505"                                                                                                                                              ,StirpeA@nyassembly.gov           ,                               ,
Chris TagueDistrict 102               ,https://nyassembly.gov/mem/Chris-Tague                ,"45 Five Mile Woods Rd.Suite 3Catskill, NY 12414518-943-1371Fax: 518-943-0223113 Park PlaceSuite 6Schoharie, NY 12157518-295-7250LOB 937Albany, NY 12248518-455-5363Fax: 518-455-5856"                                                        ,taguec@nyassembly.gov            ,No social media info available ,
Michael TannousisDistrict 64          ,https://nyassembly.gov/mem/Michael-Tannousis          ,"7716 3rd Ave.Brooklyn, NY 11209718-439-809011 Maplewood PlaceStaten Island, NY 10306718-987-0197Fax: 718-987-0863LOB 543Albany, NY 12248518-455-5716Fax: 518-455-5970"                                                                       ,tannousism@nyassembly.gov        ,No social media info available ,
Yudelka TapiaDistrict 86              ,https://nyassembly.gov/mem/Yudelka-Tapia              ,"2175C Jerome AveBronx, NY 10453718-933-6909LOB 551Albany, NY 12248518-455-5511"                                                                                                                                                              ,tapiay@nyassembly.gov            ,No social media info available ,
Al TaylorDistrict 71                  ,https://nyassembly.gov/mem/Al-Taylor                  ,"2541-55 Adam ClaytonPowell Jr. Blvd.New York, NY 10039212-234-1430LOB 602Albany, NY 12248518-455-5491"                                                                                                                                       ,taylora@nyassembly.gov           ,No social media info available ,
Em√©rita TorresDistrict 85             ,https://nyassembly.gov/mem/Emerita-Torres             ,"1163 Manor AvenueStore Front 1Bronx, NY 10472718-893-0202LOB 833Albany, NY 12248518-455-5514"                                                                                                                                                ,torrese@nyassembly.gov           ,                               ,
Claire ValdezDistrict 37              ,https://nyassembly.gov/mem/Claire-Valdez              ,"45-10 Skillman Avenue, First FloorSunnyside, NY 11104718-784-3194Fax: 718-472-0648LOB 427Albany, NY 12248518-455-4851"                                                                                                                       ,valdezc@nyassembly.gov           ,                               ,
Clyde VanelDistrict 33                ,https://nyassembly.gov/mem/Clyde-Vanel                ,"97-01 Springfield BoulevardQueens Village, NY 11429718-479-2333Fax: 718-464-7128LOB 424Albany, NY 12248518-455-4711Fax: 518-455-3740"                                                                                                        ,vanelc@nyassembly.gov            ,                               ,
Latrice M. WalkerDistrict 55          ,https://nyassembly.gov/mem/Latrice-M-Walker           ,"400 Rockaway Avenue2nd floorBrooklyn, NY 11212718-342-1256Fax: 718-342-1258LOB 713Albany, NY 12248518-455-4466"                                                                                                                              ,WalkerL@nyassembly.gov           ,No social media info available ,
Mary Beth WalshDistrict 112           ,https://nyassembly.gov/mem/Mary-Beth-Walsh            ,"199 Milton AvenueSuite 2Ballston Spa, NY 12020518-884-8010Fax: 518-884-8041LOB 446Albany, NY 12248518-455-5772Fax: 518-455-4650"                                                                                                             ,walshm@nyassembly.gov            ,No social media info available ,
David I. WeprinDistrict 24            ,https://nyassembly.gov/mem/David-I-Weprin             ,"111-12 Atlantic Avenue, #5Richmond Hill, NY 11419718-805-2381Fax: 718-805-2384185-06 Union TurnpikeFresh Meadows, NY 11366718-454-3027Fax: 718-454-3178LOB 716Albany, NY 12248518-455-5806Fax: 518-455-5977"                                 ,WeprinD@nyassembly.gov           ,No social media info available ,
Aron WiederDistrict 97                ,https://nyassembly.gov/mem/Aron-Wieder                ,"1 Blue Hill Plaza, Ste. 1116POB 1549Pearl River, NY 10965845-624-4601Fax: 845-624-2911LOB 821Albany, NY 12248518-455-5118Fax: 518-455-5119"                                                                                                  ,wiedera@nyassembly.gov           ,No social media info available ,
Jaime R. WilliamsDistrict 59          ,https://nyassembly.gov/mem/Jaime-R-Williams           ,"5318 Avenue N1st Floor StoreBrooklyn, NY 11234718-252-2124Fax: 718-252-2417LOB 641Albany, NY 12248518-455-5211"                                                                                                                              ,williamsja@nyassembly.gov        ,No social media info available ,
Carrie WoernerDistrict 113            ,https://nyassembly.gov/mem/Carrie-Woerner             ,"112 Spring Street, Suite 205Saratoga Springs, NY 12866518-584-5493Fax: 518-584-5496LOB 845Albany, NY 12248518-455-5404Fax: 518-455-3727"                                                                                                     ,woernerc@nyassembly.gov          ,No social media info available ,
Jordan J.G. WrightDistrict 70         ,https://nyassembly.gov/mem/Jordan-J.G-Wright          ,"163 West 125th StreetSuite 911New York, NY 10027212-866-5809LOB 532Albany, NY 12248518-455-4793"                                                                                                                                             ,wrightjj@nyassembly.gov          ,No social media info available ,
Kalman YegerDistrict 41               ,https://nyassembly.gov/mem/Kalman-Yeger               ,"3520 Nostrand AvenueBrooklyn, NY 11229718-648-4700LOB 324Albany, NY 12248518-455-5462"                                                                                                                                                       ,AskKalman@nyassembly.gov         ,No social media info available ,
"John Zaccaro, Jr.District 80"        ,https://nyassembly.gov/mem/John-Zaccaro-Jr            ,"2018 Williamsbridge RoadBronx, NY 10461718-409-0109Fax: 718-409-0431LOB 530Albany, NY 12248518-455-5844Fax: 518-455-5596"                                                                                                                    ,zaccaroj@nyassembly.gov          ,                               ,
Stefani ZinermanDistrict 56           ,https://nyassembly.gov/mem/Stefani-Zinerman           ,"1368 Fulton Street3rd Fl., NWBrooklyn, NY 11216718-399-7630LOB 553Albany, NY 12248518-455-5474"                                                                                                                                              ,zinermans@nyassembly.gov         ,                               ,
